978-3-16-148410-0,총류,테스트0출판사,테스트작가A,테스트북a,3
978-3-16-148410-1,철학,테스트1출판사,테스트작가B,테스트북b,3
978-3-16-148410-2,종교,테스트2출판사,테스트작가C,테스트북c,3
978-3-16-148410-3,사회,테스트3출판사,테스트작가D,테스트북d,3
978-3-16-148410-4,과학,테스트4출판사,테스트작가E,테스트북e,3
978-3-16-148410-5,자연과학,테스트5출판사,테스트작가F,테스트북f,3
978-3-16-148410-6,기술과학,테스트6출판사,테스트작가G,테스트북g,3
978-3-16-148410-7,예술,테스트7출판사,테스트작가H,테스트북h,3
978-3-16-148410-8,언어,테스트8출판사,테스트작가I,테스트북i,3
978-3-16-148410-9,문학,테스트9출판사,테스트작가J,테스트북j,3
978-3-16-148410-10,역사,테스트10출판사,테스트작가K,테스트북k,3
978-3-16-148410-11,기술과학,테스트0출판사,테스트작가B,테스트북l,3
